Workbook

Sheet HealthCareApp
E2: Refactoring | K2: مقایسه وضعیت مدل (قبل و بعد از بازآرایی)
B3: smells | D3: Extracted | E3: # added Ele. | F3: # removed Ele. | G3: # added Rel. | H3: #removed Rel. | K3: سنجه (Metric) | L3: قبل از بازآرایی | M3: تغییرات خالص | N3: بعد از بازآرایی
B4: End Event Missing | C4: Detected | D4: 2 | E4: 2 | F4: 0 | G4: 2 | H4: 0 | K4: تعداد کل گره‌ها (Nodes) | L4: 10 | M4: ۴+ | N4: 14
B5: Start Event Missing | C5: Detected | D5: 2 | E5: 2 | F5: 0 | G5: 2 | H5: 0 | K5: تعداد کل روابط (Relationships) | L5: 8 | M5: ۴+ | N5: 12
D6: =SUM(D4:D5) -> 4 | E6: =SUM(E4:E5) -> 4 | F6: =SUM(F4:F5) -> 0 | G6: =SUM(G4:G5) -> 4 | H6: =SUM(H4:H5) -> 0
B10: نام بوی بد (Smell) | C10: تعداد شناسایی‌شده | D10: گره اضافه (+) | E10: گره حذف (−) | F10: رابطه اضافه (+) | G10: رابطه حذف (−)
B11: Start Event Missing | C11: 2 | D11: ۲+ | E11: 0 | F11: ۲+ | G11: 0
B12: End Event Missing | C12: 2 | D12: ۲+ | E12: 0 | F12: ۲+ | G12: 0
B13: مجموع کل تغییرات | C13: 4 | D13: ۴+ | E13: 0 | F13: ۴+ | G13: 0

Sheet OpenApp
E2: Refactoring | K2: مقایسه وضعیت مدل OpenApp (قبل و بعد از بازآرایی)
B3: smells | D3: Extracted | E3: # added Ele. | F3: # removed Ele. | G3: # added Rel. | H3: #removed Rel. | K3: سنجه (Metric) | L3: قبل از بازآرایی | M3: تغییرات خالص | N3: بعد از بازآرایی
B4: Incomplete Pairs | C4: Detected | D4: 1 | E4: 1 | F4: 0 | G4: 1 | H4: 0 | K4: تعداد کل گره‌ها (Nodes) | L4: 8 | M4: ۵+ | N4: 13
B5: End Event Missing | C5: Detected | D5: 2 | E5: 2 | F5: 0 | G5: 2 | H5: 0 | K5: تعداد کل روابط (Relationships) | L5: 6 | M5: ۵+ | N5: 11
B6: Start Event Missing | C6: Detected | D6: 2 | E6: 2 | F6: 0 | G6: 2 | H6: 0
D7: =SUM(D4:D6) -> 5 | E7: =SUM(E4:E6) -> 5 | F7: =SUM(F4:F6) -> 0 | G7: =SUM(G4:G6) -> 5 | H7: =SUM(H4:H6) -> 0
B11: نام بوی بد (Smell) | C11: تعداد شناسایی‌شده | D11: گره اضافه (+) | E11: گره حذف (−) | F11: رابطه اضافه (+) | G11: رابطه حذف (−)
B12: Start Event Missing | C12: 2 | D12: ۲+ | E12: 0 | F12: ۲+ | G12: 0
B13: End Event Missing | C13: 2 | D13: ۲+ | E13: 0 | F13: ۲+ | G13: 0
B14: Incomplete Pairs | C14: 1 | D14: ۱+ | E14: 0 | F14: ۱+ | G14: 0
B15: مجموع کل تغییرات | C15: 5 | D15: ۵+ | E15: 0 | F15: ۵+ | G15: 0
B20: کل عناصر مدل مرجع | C20: 8
B21: کل عناصر استخراج شده قبل پالایش اسمل | C21: 5
B22: عناصر درست استخراج شده قبل پالایش اسمل | C22: 5
B23: کل عناصر استخراج شده بعد پالایش اسمل | C23: 11
B24: عناصر درست استخراج شده بعد پالایش اسمل | C24: 8
B26: دقت قبل از پالایش اسمل | C26: 0.625
B27: دقت بعد از پالایش اسمل | C27: 0.727
B28: بازیابی قبل از پالایش اسمل | C28: 0.625
B29: بازیابی بعد از پالایش اسمل | C29: 1

Sheet Acmeapp
E2: Refactoring
B3: smells | D3: Smells Extracted | E3: # added Ele. | F3: # removed Ele. | G3: # added Rel. | H3: #removed Rel.
B4: Incomplete Pairs | C4: Detected | D4: 2 | E4: 2 | F4: 0 | G4: 2 | H4: 0
B5: End Event Missing | C5: Detected | D5: 1 | E5: 1 | F5: 0 | G5: 1 | H5: 0
B6: Start Event Missing | C6: Detected | D6: 1 | E6: 1 | F6: 0 | G6: 1 | H6: 0
E7: =SUM(E4:E6) -> 4 | F7: =SUM(F4:F6) -> 0 | G7: =SUM(G4:G6) -> 4 | H7: =SUM(H4:H6) -> 0
B12: Incomplete Pairs
B13: گره مدل | C13: کلید منطبق | D13: مکمل مورد انتظار | E13: مکمل در مدل موجود است؟ | F13: اسمل؟
B14: Create Order | C14: create | D14: destroy (Destroy Order) | E14: ❌ | F14: ✅ اسمل
B15: Create Cart | C15: create | D15: destroy (Destroy Cart) | E15: ❌ | F15: ✅ اسمل

Sheet CamundaApp
E3: Refactoring
B4: smells | D4: Smells Extracted | E4: # added Ele. | F4: # removed Ele. | G4: # added Rel. | H4: #removed Rel.
B5: Incomplete Pairs | C5: Detected | D5: 3 | E5: 3 | F5: 0 | G5: 3 | H5: 0
B6: End Event Missing | C6: Detected | D6: 3 | E6: 3 | F6: 0 | G6: 3 | H6: 0
B7: Start Event Missing | C7: Detected | D7: 3 | E7: 3 | F7: 0 | G7: 3 | H7: 0
E8: =SUM(E5:E7) -> 9 | F8: =SUM(F5:F7) -> 0 | G8: =SUM(G5:G7) -> 9 | H8: =SUM(H5:H7) -> 0
B12: نام بوی معماری | D12: تعداد شناسایی‌شده | E12: گره اضافه (+) | F12: گره حذف (−) | G12: رابطه اضافه (+) | H12: رابطه حذف (−)
B13: Start Event Missing | D13: 3 | E13: ۳+ | F13: 0 | G13: ۳+ | H13: 0
B14: End Event Missing | D14: 3 | E14: ۳+ | F14: 0 | G14: ۳+ | H14: 0
B15: Incomplete Pairs | D15: 3 | E15: ۳+ | F15: 0 | G15: ۳+ | H15: 0
B16: Duplication | D16: 3 | E16: 0 | F16: ۳− | G16: 0 | H16: ۳−
B17: مجموع کل تغییرات | D17: ۱۲ مورد | E17: ۹+ | F17: ۳− | G17: ۹+ | H17: ۳−

Sheet All view
B2: smells | D2: Extracted
B3: Cyclic Dependency | C3: Detected | D3: 2
B4: Dense Structure | C4: Detected | D4: 1
B5: Duplication | C5: Detected | D5: 33
B6: Incomplete Pairs | C6: Detected | D6: 7
B7: Message Chain | C7: Detected | D7: 34
B8: Missing Abstraction | C8: Detected | D8: 1
B9: Multifaceted Abstraction | C9: Detected | D9: 1
B10: Shared Persistency | C10: Detected | D10: 10
B11: Shotgun Surgery | C11: Detected | D11: 2
B12: Useless Test | C12: Detected | D12: 1

Sheet  results
G2: OpenApp
B3: Test Case 1: The Healthcare Insurance Application | F3: Test Case 2: Arch Insurance Claim | J3: Test Case 3: The Loyalty Card Management | N3: Test Case 4: E-commerce | S3: Table 11 - EA Process View Extraction Quantitative Performance
B4: Metric | C4: Formula | D4: Result | F4: Metric | G4: Formula | H4: Result | J4: Metric | K4: Formula | L4: Result | N4: Metric | O4: Formula | P4: Result | S4: Teste Case | T4: Recall | U4: Precision | V4: F-score | W4: Quantitative Fitness
B5: Recall | C5: =7/(7+0) | D5: 1 | F5: Recall | G5: =5/(5+0) | H5: 1 | J5: Recall | K5: =11/(11+0) | L5: 1 | N5: Recall | O5: =6/(6+0) | P5: 1 | S5: 1: Healthcare | T5: 1 | U5: 0.58 | V5: 0.73 | W5: 0.63
B6: Precision | C6: =7/(7+5) | D6: 0.58 | F6: Precision | G6: =5/(5+1) | H6: 0.83 | J6: Precision | K6: =11/(11+3) | L6: 0.79 | N6: Precision | O6: =6/(6+2) | P6: 0.75 | S6: 2: Arch Insurance Claim | T6: 1 | U6: 0.83 | V6: 0.90 | W6: 0.91
B7: F1 Score | C7: =2*(0.58*1)/(0.58+1) | D7: 0.73 | F7: F1 Score | G7: =2*(0.83*1)/(0.83+1) | H7: 0.90 | J7: F1 Score | K7: =2*(0.79*1)/(0.79+1) | L7: 0.88 | N7: F1 Score | O7: =2*(0.75*1)/(0.75+1) | P7: 0.86 | S7: 3: Loyalty Card Management | T7: 1 | U7: 0.79 | V7: 0.88 | W7: 0.80
B8: fcost(L,M) | C8: =5+0+2 -> 7 | D8: 7 | F8: fcost(L,M) | G8: =1+0+0 -> 1 | H8: 1 | J8: fcost(L,M) | K8: =3+0+2 -> 5 | L8: 5 | N8: fcost(L,M) | O8: =2+0+1 -> 3 | P8: 3 | S8: 4: E-commerce | T8: 1 | U8: 0.75 | V8: 0.86 | W8: 0.79
B9: fitness | C9: =1-7/(7+1*12) | D9: 0.63 | F9: fitness | G9: =1-1/(5+1*6) | H9: 0.91 | J9: fitness | K9: =1-5/(11+1*14) | L9: 0.80 | N9: fitness | O9: =1-3/(6+1*8) | P9: 0.79 | S9: Average | T9: 1 | U9: 0.74 | V9: 0.85 | W9: 0.78
A11: Thesis | B11: TP | C11: 7 | F11: TP | G11: 5 | J11: TP | K11: 11 | N11: TP | O11: 6
B12: predicted | C12: 12 | F12: predicted | G12: 6 | J12: predicted | K12: 14 | N12: predicted | O12: 8

Sheet final resualts
C1: befor refactoring | I1: after refactoring
C2: TP | D2: FP | E2: FN | F2: Precision | G2: Recall | H2: F1 Score | I2: TP | J2: FP | K2: FN | L2: Precision | M2: Recall | N2: F1 Score
B3: TC 1: The Healthcare Insurance Application | C3: 10 | D3: 0 | E3: 7 | F3: =C3/(C3+D3) -> 1 | G3: =C3/(C3+E3) -> 0.58823529 | H3: =2*((F3*G3)/(F3+G3)) -> 0.74074074 | I3: 11 | J3: 0 | K3: 6 | L3: =I3/(I3+J3) -> 1 | M3: =I3/(I3+K3) -> 0.64705882 | N3: =2*(('final resualts'!L3*'final resualts'!M3)/('final resualts'!L3+'final resualts'!M3)) -> 0.78571429
B4: TC 2: Arch Insurance Claim | C4: 5 | D4: 3 | E4: 3 | F4: =C4/(C4+D4) -> 0.625 | G4: =C4/(C4+E4) -> 0.625 | H4: =2*((F4*G4)/(F4+G4)) -> 0.625 | I4: 8 | J4: 3 | K4: 0 | L4: =I4/(I4+J4) -> 0.72727273 | M4: =I4/(I4+K4) -> 1 | N4: =2*(('final resualts'!L4*'final resualts'!M4)/('final resualts'!L4+'final resualts'!M4)) -> 0.84210526
B5: TC 3: The Loyalty Card Management | C5: 11 | D5: 0 | E5: 8 | F5: =C5/(C5+D5) -> 1 | G5: =C5/(C5+E5) -> 0.57894737 | H5: =2*((F5*G5)/(F5+G5)) -> 0.73333333 | I5: 17 | J5: 0 | K5: 2 | L5: =I5/(I5+J5) -> 1 | M5: =I5/(I5+K5) -> 0.89473684 | N5: =2*(('final resualts'!L5*'final resualts'!M5)/('final resualts'!L5+'final resualts'!M5)) -> 0.94444444
B6: TC 4: E-commerce | C6: 6 | D6: 0 | E6: 7 | F6: =C6/(C6+D6) -> 1 | G6: =C6/(C6+E6) -> 0.46153846 | H6: =2*((F6*G6)/(F6+G6)) -> 0.63157895 | I6: 9 | J6: 0 | K6: 4 | L6: =I6/(I6+J6) -> 1 | M6: =I6/(I6+K6) -> 0.69230769 | N6: =2*(('final resualts'!L6*'final resualts'!M6)/('final resualts'!L6+'final resualts'!M6)) -> 0.81818182
B7: جدول تجمیعی و میانگین‌ها (Summary & Averages) | C7: =SUM(C3:C6) -> 32 | D7: =SUM(D3:D6) -> 3 | E7: =SUM(E3:E6) -> 25 | F7: =AVERAGE(F3:F6) -> 0.90625 | G7: =AVERAGE(G3:G6) -> 0.56343028 | H7: =2*((F7*G7)/(F7+G7)) -> 0.69485683 | I7: =SUM(I3:I6) -> 45 | J7: =SUM(J3:J6) -> 3 | K7: =SUM(K3:K6) -> 12 | L7: =I7/(I7+J7) -> 0.9375 | M7: =I7/(I7+K7) -> 0.78947368 | N7: =2*(('final resualts'!L7*'final resualts'!M7)/('final resualts'!L7+'final resualts'!M7)) -> 0.85714286

Sheet owl_analysis_chart
A1: Model-quality metrics before and after smell-guided refinement
G2: Precision | L2: Recall | Q2: F1-score
G3: Case study | H3: Before refinement | I3: After refinement | L3: Case study | M3: Before refinement | N3: After refinement | Q3: Case study | R3: Before refinement | S3: After refinement
G4: Health insurance | H4: 1 | I4: 1 | L4: Health insurance | M4: 0.588 | N4: 0.647 | Q4: Health insurance | R4: 0.741 | S4: 0.786
G5: Insurance claims | H5: 0.625 | I5: 0.727 | L5: Insurance claims | M5: 0.625 | N5: 1 | Q5: Insurance claims | R5: 0.625 | S5: 0.842
G6: Loyalty-card | H6: 1 | I6: 1 | L6: Loyalty-card | M6: 0.579 | N6: 0.895 | Q6: Loyalty-card | R6: 0.733 | S6: 0.944
G7: E-commerce | H7: 1 | I7: 1 | L7: E-commerce | M7: 0.462 | N7: 0.692 | Q7: E-commerce | R7: 0.632 | S7: 0.818

Sheet Three-panel Chart
A1: Case study | B1: Before refinement | C1: After refinement | H1: Case study | I1: Before refinement | J1: After refinement | O1: Case study | P1: Before refinement | Q1: After refinement
A2: Health insurance | B2: 1 | C2: 1 | H2: Health insurance | I2: 0.588 | J2: 0.647 | O2: Health insurance | P2: 0.741 | Q2: 0.786
A3: Insurance claims | B3: 0.625 | C3: 0.727 | H3: Insurance claims | I3: 0.625 | J3: 1 | O3: Insurance claims | P3: 0.625 | Q3: 0.842
A4: Loyalty-card management | B4: 1 | C4: 1 | H4: Loyalty-card management | I4: 0.579 | J4: 0.895 | O4: Loyalty-card management | P4: 0.733 | Q4: 0.944
A5: E-commerce | B5: 1 | C5: 1 | H5: E-commerce | I5: 0.462 | J5: 0.692 | O5: E-commerce | P5: 0.632 | Q5: 0.818
